"screen_id","screen_name","group_code","group_name","doc_ref","roles","platforms","viewports_px","phase","states","state_count","components","frame_count","flows","acc_criteria","design_file","status","decision_applied","design_status","frame_ref","frames_drawn","frames_required"
"ACC-01","ترحيب واختيار الدخول أو إنشاء منشأة","ACC","الدخول والتهيئة","٣،٩،١٣،١٤","زائر، مالك، كاشير، أمين مخزن، مدعو","W/M/D","390 834 1366 1440 1920","أساسي","ready offline server_error","3","C-FRAME C-BTN C-NOTICE","18","F01","ACC-119","06-D2-Shifts-Access.dc.html","owner_approved","","drawn","28-D21-Access-Inventory-Complete.dc.html#ACC-01","1","3","18"
"ACC-02","تسجيل ودخول واستعادة الوصول","ACC","الدخول والتهيئة","٣،٩،١٣،١٤","زائر، مالك، كاشير، أمين مخزن، مدعو","W/M/D","390 834 1366 1440 1920","أساسي","ready loading validation_error offline expired server_error success","7","C-FIELD C-BTN C-NOTICE","42","","","06-D2-Shifts-Access.dc.html","owner_approved","G-02 وسيلة تحقق الحساب","drawn","06-D2-Shifts-Access.dc.html#ACC-02","3","8","42"
"ACC-03","اختيار المنشأة والفرع","ACC","الدخول والتهيئة","٣،٩،١٣،١٤","زائر، مالك، كاشير، أمين مخزن، مدعو","W/M/D","390 834 1366 1440 1920","أساسي","ready loading empty permission_denied offline stale","6","C-ORGSW C-PICK C-NOTICE","36","","ACC-138","06-D2-Shifts-Access.dc.html","owner_approved","","drawn","28-D21-Access-Inventory-Complete.dc.html#ACC-03","2","6","36"
"ACC-04","إنشاء المنشأة ووصفة القطاع","ACC","الدخول والتهيئة","٣،٩،١٣،١٤","زائر، مالك، كاشير، أمين مخزن، مدعو","W/M/D","390 834 1366 1440 1920","أساسي","ready validation_error saving success server_error","5","C-FIELD C-DIALOG C-NOTICE","30","","ACC-23 ACC-26 ACC-27","06-D2-Shifts-Access.dc.html","owner_approved","","drawn","28-D21-Access-Inventory-Complete.dc.html#ACC-04","1","5","30"
"ACC-05","تجهيز الجهاز والتنزيل الأول","ACC","الدخول والتهيئة","٣،٩،١٣،١٤","زائر، مالك، كاشير، أمين مخزن، مدعو","W/M/D","390 834 1366 1440 1920","أساسي","loading offline partial stale server_error success","6","C-NOTICE C-SYNC C-BTN","36","","ACC-40 ACC-41 ACC-42 ACC-52 ACC-53 ACC-70","06-D2-Shifts-Access.dc.html","owner_approved","","drawn","28-D21-Access-Inventory-Complete.dc.html#ACC-05","1","6","36"
"ACC-06","قبول دعوة موظف أو منشأة سوق","ACC","الدخول والتهيئة","٣،٩،١٣،١٤","زائر، مالك، كاشير، أمين مخزن، مدعو","W/M/D","390 834 1366 1440 1920","أساسي","ready expired permission_denied success server_error","5","C-NOTICE C-BTN C-FIELD","30","F09","ACC-150","06-D2-Shifts-Access.dc.html","owner_approved","","drawn","28-D21-Access-Inventory-Complete.dc.html#ACC-06","2","5","30"
"ACC-07","قفل محلي وفتح PIN","ACC","الدخول والتهيئة","٣،٩،١٣،١٤","زائر، مالك، كاشير، أمين مخزن، مدعو","W/M/D","390 834 1366 1440 1920","أساسي","ready validation_error permission_denied offline","4","C-FIELD C-DIALOG","24","","ACC-62 ACC-66","06-D2-Shifts-Access.dc.html","owner_approved","","drawn","28-D21-Access-Inventory-Complete.dc.html#ACC-07","2","4","24"
"ACC-08","انتهاء جلسة وإعادة مصادقة","ACC","الدخول والتهيئة","٣،٩،١٣،١٤","زائر، مالك، كاشير، أمين مخزن، مدعو","W/M/D","390 834 1366 1440 1920","أساسي","expired offline saved_local pending_sync success","5","C-DIALOG C-SYNC C-NOTICE","30","","ACC-98","06-D2-Shifts-Access.dc.html","owner_approved","","drawn","06-D2-Shifts-Access.dc.html#ACC-08","1","5","30"
"ACC-09","الحساب والأمان والجلسات","ACC","الدخول والتهيئة","٣،٩،١٣،١٤","زائر، مالك، كاشير، أمين مخزن، مدعو","W/M/D","390 834 1366 1440 1920","أساسي","ready loading permission_denied pending_sync success server_error","6","C-TABLE C-DIALOG C-SYNC","36","","ACC-98","06-D2-Shifts-Access.dc.html","owner_approved","","drawn","28-D21-Access-Inventory-Complete.dc.html#ACC-09","1","6","36"
"ACC-10","معالج بدء الاستخدام","ACC","الدخول والتهيئة","٣،٩،١٣،١٤","زائر، مالك، كاشير، أمين مخزن، مدعو","W/M/D","390 834 1366 1440 1920","أساسي","ready empty partial validation_error offline success","6","C-NOTICE C-UPLOAD C-PRINT C-BTN","36","F01","","06-D2-Shifts-Access.dc.html","owner_approved","","drawn","06-D2-Shifts-Access.dc.html#ACC-10","1","6","36"
"HOME-01","رئيسية المالك","HOME","مساحة العمل","٣،١٤","مالك، مدير فرع، كاشير، أمين مخزن","W/M/D","390 834 1366 1440 1920","أساسي","ready loading empty stale offline pending_sync","6","C-FRAME C-TABLE C-SYNC C-FILTER","36","","","03-D2-POS.dc.html","owner_approved","","drawn","06-D2-Shifts-Access.dc.html#HOME-01","1","6","36"
"HOME-02","رئيسية الموظف حسب الصلاحية","HOME","مساحة العمل","٣،١٤","مالك، مدير فرع، كاشير، أمين مخزن","W/M/D","390 834 1366 1440 1920","أساسي","ready empty permission_denied offline stale","5","C-FRAME C-NAV C-NOTICE","30","","","03-D2-POS.dc.html","owner_approved","","drawn","06-D2-Shifts-Access.dc.html#HOME-02","1","5","30"
"HOME-03","بحث عام وإشعارات سريعة","HOME","مساحة العمل","٣،١٤","مالك، مدير فرع، كاشير، أمين مخزن","W/M/D","390 834 1366 1440 1920","أساسي","ready loading empty permission_denied offline","5","C-PICK C-TIMELIST C-NOTICE","30","","","03-D2-POS.dc.html","owner_approved","","drawn","31-D23-Catalog-Home-Shift.dc.html#HOME-03","0","7","30"
"POS-01","نقطة البيع والسلة","POS","البيع والفواتير","٦،٧،١٠،١٢","كاشير، مدير فرع، مالك","W/M/D","390 834 1366 1440 1920","أساسي","ready loading empty offline stale permission_denied","6","C-CART C-PICK C-QTYUNIT C-SYNC","36","F01 F02","ACC-07 ACC-17 ACC-25 ACC-76 ACC-92 ACC-114 ACC-136","03-D2-POS.dc.html","owner_approved","","drawn","03-D2-POS.dc.html#POS-01","1","1","36"
"POS-02","اختيار وحدة أو وزن","POS","البيع والفواتير","٦،٧،١٠،١٢","كاشير، مدير فرع، مالك","W/M/D","390 834 1366 1440 1920","أساسي","ready validation_error empty","3","C-QTYUNIT C-SHEET C-DIALOG","18","","ACC-19 ACC-20","03-D2-POS.dc.html","owner_approved","","drawn","03-D2-POS.dc.html#POS-02","2","4","18"
"POS-03","خصم وتجاوز سعر","POS","البيع والفواتير","٦،٧،١٠،١٢","كاشير، مدير فرع، مالك","W/M/D","390 834 1366 1440 1920","أساسي","ready validation_error permission_denied","3","C-MONEY C-DIALOG C-FIELD","18","","","03-D2-POS.dc.html","owner_approved","G-09 سقوف التفويض المالي","drawn","03-D2-POS.dc.html#POS-03","2","2","18"
"POS-04","اختيار عميل وإنشاء سريع","POS","البيع والفواتير","٦،٧،١٠،١٢","كاشير، مدير فرع، مالك","W/M/D","390 834 1366 1440 1920","أساسي","ready empty validation_error permission_denied offline","5","C-PICK C-FIELD C-NOTICE","30","F02","ACC-12","03-D2-POS.dc.html","owner_approved","","drawn","03-D2-POS.dc.html#POS-04","1","1","30"
"POS-05","الدفع النقدي","POS","البيع والفواتير","٦،٧،١٠،١٢","كاشير، مدير فرع، مالك","W/M/D","390 834 1366 1440 1920","أساسي","ready validation_error saving saved_local success","5","C-MONEY C-CART C-BTN","30","","ACC-12 ACC-24","03-D2-POS.dc.html","owner_approved","","drawn","03-D2-POS.dc.html#POS-05","2","2","30"
"POS-06","الدفع الآجل","POS","البيع والفواتير","٦،٧،١٠،١٢","كاشير، مدير فرع، مالك","W/M/D","390 834 1366 1440 1920","أساسي","ready validation_error permission_denied stale saved_local","5","C-MONEY C-LEDLINE C-SYNC","30","","ACC-02","03-D2-POS.dc.html","owner_approved","","drawn","03-D2-POS.dc.html#POS-06","1","1","30"
"POS-07","الدفع المختلط والتحويل","POS","البيع والفواتير","٦،٧،١٠،١٢","كاشير، مدير فرع، مالك","W/M/D","390 834 1366 1440 1920","أساسي","ready validation_error saving saved_local success server_error partial","7","C-MONEY C-CART C-NOTICE","42","F02","ACC-08 ACC-13 ACC-14 ACC-24","03-D2-POS.dc.html","owner_approved","","drawn","14-D9-POS-Inventory-States.dc.html#POS-07","0","1","42"
"POS-08","نجاح البيع والإيصال","POS","البيع والفواتير","٦،٧،١٠،١٢","كاشير، مدير فرع، مالك","W/M/D","390 834 1366 1440 1920","أساسي","saved_local pending_sync synced success server_error","5","C-PRINT C-DOCPRV C-SYNC","30","F02 F04","ACC-09 ACC-83","03-D2-POS.dc.html","owner_approved","","drawn","03-D2-POS.dc.html#POS-08","2","2","30"
"POS-09","قائمة الفواتير وتفاصيلها","POS","البيع والفواتير","٦،٧،١٠،١٢","كاشير، مدير فرع، مالك","W/M/D","390 834 1366 1440 1920","أساسي","ready loading empty offline stale pending_sync permission_denied","7","C-TABLE C-FILTER C-SYNC","42","F04","ACC-77","03-D2-POS.dc.html","owner_approved","","drawn","03-D2-POS.dc.html#POS-09","1","1","42"
"POS-10","مرتجع كلي أو جزئي","POS","البيع والفواتير","٦،٧،١٠،١٢","كاشير، مدير فرع، مالك","W/M/D","390 834 1366 1440 1920","أساسي","ready validation_error permission_denied partial saved_local success","6","C-QTYUNIT C-MONEY C-DIALOG","36","F04","ACC-09 ACC-10 ACC-11","03-D2-POS.dc.html","owner_approved","","drawn","03-D2-POS.dc.html#POS-10","1","1","36"
"POS-11","فشل الحفظ أو الطباعة","POS","البيع والفواتير","٦،٧،١٠،١٢","كاشير، مدير فرع، مالك","W/M/D","390 834 1366 1440 1920","أساسي","offline saved_local validation_error server_error","4","C-NOTICE C-PRINT C-SYNC","24","","ACC-01 ACC-30 ACC-43 ACC-69 ACC-84","03-D2-POS.dc.html","owner_approved","","drawn","33-D25-Failure-Payment-Closure.dc.html#POS-11","0","6","24"
"POS-12","مراجعة تكرار تجاري أو تصحيح","POS","البيع والفواتير","٦،٧،١٠،١٢","كاشير، مدير فرع، مالك","W/M/D","390 834 1366 1440 1920","أساسي","ready empty conflict permission_denied","4","C-TABLE C-DOCPRV C-DIALOG","24","","ACC-16","03-D2-POS.dc.html","owner_approved","","drawn","03-D2-POS.dc.html#POS-12","1","1","24"
"PTY-01","قائمة العملاء","PTY","الأطراف والذمم","٥،٦،٧","مالك، مدير فرع، كاشير (محدود)","W/M/D","390 834 1366 1440 1920","أساسي","ready loading empty permission_denied offline stale","6","C-TABLE C-FILTER C-PICK","36","F03","","04-D2-Parties.dc.html","owner_approved","","drawn","04-D2-Parties.dc.html#PTY-01","1","6","36"
"PTY-02","قائمة الموردين","PTY","الأطراف والذمم","٥،٦،٧","مالك، مدير فرع، كاشير (محدود)","W/M/D","390 834 1366 1440 1920","أساسي","ready loading empty permission_denied","4","C-TABLE C-FILTER C-NOTICE","24","","ACC-118","04-D2-Parties.dc.html","owner_approved","","drawn","04-D2-Parties.dc.html#PTY-02","1","4","24"
"PTY-03","بطاقة طرف وإنشاء وتعديل","PTY","الأطراف والذمم","٥،٦،٧","مالك، مدير فرع، كاشير (محدود)","W/M/D","390 834 1366 1440 1920","أساسي","ready validation_error saving success permission_denied conflict","6","C-FIELD C-PANEL C-STATUS","36","","ACC-28 ACC-106","04-D2-Parties.dc.html","owner_approved","","drawn","04-D2-Parties.dc.html#PTY-03","1","6","36"
"PTY-04","رصيد افتتاحي","PTY","الأطراف والذمم","٥،٦،٧","مالك، مدير فرع، كاشير (محدود)","W/M/D","390 834 1366 1440 1920","أساسي","ready validation_error permission_denied success","4","C-MONEY C-DOCPRV C-DIALOG","24","","ACC-79","04-D2-Parties.dc.html","owner_approved","","drawn","04-D2-Parties.dc.html#PTY-04","1","4","24"
"PTY-05","كشف حساب","PTY","الأطراف والذمم","٥،٦،٧","مالك، مدير فرع، كاشير (محدود)","W/M/D","390 834 1366 1440 1920","أساسي","ready loading empty stale pending_sync offline permission_denied","7","C-LEDLINE C-FILTER C-SYNC","42","F02 F03","ACC-02 ACC-03 ACC-08 ACC-28 ACC-44 ACC-46 ACC-92 ACC-96","04-D2-Parties.dc.html","owner_approved","","drawn","04-D2-Parties.dc.html#PTY-05","1","7","42"
"PTY-06","تسجيل سداد أو رد مبلغ","PTY","الأطراف والذمم","٥،٦،٧","مالك، مدير فرع، كاشير (محدود)","W/M/D","390 834 1366 1440 1920","أساسي","ready validation_error saving saved_local success permission_denied","6","C-MONEY C-PRINT C-FIELD","36","F03","ACC-03 ACC-14 ACC-15","04-D2-Parties.dc.html","owner_approved","","drawn","33-D25-Failure-Payment-Closure.dc.html#PTY-06","0","8","36"
"PTY-07","دمج أطراف","PTY","الأطراف والذمم","٥،٦،٧","مالك، مدير فرع، كاشير (محدود)","W/M/D","390 834 1366 1440 1920","أساسي","ready validation_error permission_denied conflict success","5","C-DIALOG C-DOCPRV C-NOTICE","30","","ACC-78","04-D2-Parties.dc.html","owner_approved","","drawn","04-D2-Parties.dc.html#PTY-07","1","5","30"
"PTY-08","طباعة وتصدير ومشاركة الكشف","PTY","الأطراف والذمم","٥،٦،٧","مالك، مدير فرع، كاشير (محدود)","W/M/D","390 834 1366 1440 1920","أساسي","ready loading permission_denied success server_error","5","C-DOCPRV C-PRINT C-AUD","30","F03","ACC-85","04-D2-Parties.dc.html","owner_approved","","drawn","04-D2-Parties.dc.html#PTY-08","2","6","30"
"PTY-09","تصحيح تاريخ الأعمال","PTY","الأطراف والذمم","٥،٦،٧","مالك، مدير فرع، كاشير (محدود)","W/M/D","390 834 1366 1440 1920","أساسي","ready validation_error permission_denied success","4","C-FIELD C-DIALOG C-NOTICE","24","","","04-D2-Parties.dc.html","owner_approved","","drawn","04-D2-Parties.dc.html#PTY-09","1","4","24"
"CAT-01","قائمة الأصناف والبحث","CAT","الكتالوج الداخلي","٦،٧،١١","مالك، مدير فرع","W/M/D","390 834 1366 1440 1920","أساسي","ready loading empty offline stale","5","C-TABLE C-FILTER C-PICK","30","","ACC-45","05-D2-Catalog-Inventory.dc.html","owner_approved","","drawn","05-D2-Catalog-Inventory.dc.html#CAT-01","1","5","30"
"CAT-02","إنشاء صنف وبطاقته","CAT","الكتالوج الداخلي","٦،٧،١١","مالك، مدير فرع","W/M/D","390 834 1366 1440 1920","أساسي","ready validation_error saving success","4","C-FIELD C-UPLOAD C-PANEL","24","","ACC-25","05-D2-Catalog-Inventory.dc.html","owner_approved","","drawn","31-D23-Catalog-Home-Shift.dc.html#CAT-02","0","6","24"
"CAT-03","وحدات وتحويلات وباركود","CAT","الكتالوج الداخلي","٦،٧،١١","مالك، مدير فرع","W/M/D","390 834 1366 1440 1920","أساسي","ready validation_error success","3","C-QTYUNIT C-TABLE C-DIALOG","18","","ACC-19","05-D2-Catalog-Inventory.dc.html","owner_approved","","drawn","05-D2-Catalog-Inventory.dc.html#CAT-03","1","3","18"
"CAT-04","سعر صنف وتاريخ تغييره","CAT","الكتالوج الداخلي","٦،٧،١١","مالك، مدير فرع","W/M/D","390 834 1366 1440 1920","أساسي","ready validation_error permission_denied success","4","C-MONEY C-TIMELIST","24","","ACC-19","05-D2-Catalog-Inventory.dc.html","owner_approved","","drawn","05-D2-Catalog-Inventory.dc.html#CAT-04","1","4","24"
"CAT-05","استيراد أو تعديل أسعار متعدد","CAT","الكتالوج الداخلي","٦،٧،١١","مالك، مدير فرع","W/M/D","390 834 1366 1440 1920","أساسي","ready loading validation_error partial success server_error","6","C-UPLOAD C-TABLE C-DOCPRV","36","","ACC-86","05-D2-Catalog-Inventory.dc.html","owner_approved","","drawn","05-D2-Catalog-Inventory.dc.html#CAT-05","1","6","36"
"CAT-06","مجموعات الأصناف والأسماء البديلة","CAT","الكتالوج الداخلي","٦،٧،١١","مالك، مدير فرع","W/M/D","390 834 1366 1440 1920","أساسي","ready empty validation_error success","4","C-TABLE C-FIELD C-PICK","24","","","05-D2-Catalog-Inventory.dc.html","owner_approved","","drawn","31-D23-Catalog-Home-Shift.dc.html#CAT-06","0","6","24"
"INV-01","أرصدة المخزون","INV","المخزون","٧،١٠","أمين مخزن، مالك، مدير فرع","W/M/D","390 834 1366 1440 1920","أساسي","ready loading empty stale offline pending_sync partial","7","C-TABLE C-FILTER C-SYNC C-STATUS","42","F06","ACC-17","05-D2-Catalog-Inventory.dc.html","owner_approved","","drawn","05-D2-Catalog-Inventory.dc.html#INV-01","1","7","42"
"INV-02","سجل حركة الصنف","INV","المخزون","٧،١٠","أمين مخزن، مالك، مدير فرع","W/M/D","390 834 1366 1440 1920","أساسي","ready loading empty pending_sync stale","5","C-TIMELIST C-TABLE C-SYNC","30","","","05-D2-Catalog-Inventory.dc.html","owner_approved","","drawn","14-D9-POS-Inventory-States.dc.html#INV-02","3","5","30"
"INV-03","افتتاحيات المخزون","INV","المخزون","٧،١٠","أمين مخزن، مالك، مدير فرع","W/M/D","390 834 1366 1440 1920","أساسي","ready validation_error permission_denied success","4","C-QTYUNIT C-DOCPRV C-TABLE","24","","","05-D2-Catalog-Inventory.dc.html","owner_approved","","drawn","28-D21-Access-Inventory-Complete.dc.html#INV-03","2","4","24"
"INV-04","استلام بضاعة","INV","المخزون","٧،١٠","أمين مخزن، مالك، مدير فرع","W/M/D","390 834 1366 1440 1920","أساسي","ready validation_error saving saved_local success","5","C-QTYUNIT C-PICK C-FIELD","30","F06","","05-D2-Catalog-Inventory.dc.html","owner_approved","","drawn","28-D21-Access-Inventory-Complete.dc.html#INV-04","2","5","30"
"INV-05","جلسة جرد","INV","المخزون","٧،١٠","أمين مخزن، مالك، مدير فرع","W/M/D","390 834 1366 1440 1920","أساسي","ready saving saved_local partial offline success","6","C-QTYUNIT C-TABLE C-SYNC","36","F06","","05-D2-Catalog-Inventory.dc.html","owner_approved","","drawn","05-D2-Catalog-Inventory.dc.html#INV-05","1","6","36"
"INV-06","مراجعة فروق الجرد وتسوية","INV","المخزون","٧،١٠","أمين مخزن، مالك، مدير فرع","W/M/D","390 834 1366 1440 1920","أساسي","ready validation_error permission_denied success","4","C-TABLE C-DIALOG C-DOCPRV","24","F06","","05-D2-Catalog-Inventory.dc.html","owner_approved","","drawn","28-D21-Access-Inventory-Complete.dc.html#INV-06","4","4","24"
"INV-07","هالك وحجر تالف","INV","المخزون","٧،١٠","أمين مخزن، مالك، مدير فرع","W/M/D","390 834 1366 1440 1920","أساسي","ready validation_error permission_denied success","4","C-QTYUNIT C-STATUS C-FIELD","24","","ACC-10","05-D2-Catalog-Inventory.dc.html","owner_approved","","drawn","05-D2-Catalog-Inventory.dc.html#INV-07","1","4","24"
"INV-08","قائمة التحويلات","INV","المخزون","٧،١٠","أمين مخزن، مالك، مدير فرع","W/M/D","390 834 1366 1440 1920","أساسي","ready loading empty partial pending_sync","5","C-TABLE C-STATUS C-FILTER","30","","","05-D2-Catalog-Inventory.dc.html","owner_approved","","drawn","14-D9-POS-Inventory-States.dc.html#INV-08","1","5","30"
"INV-09","إنشاء وإرسال تحويل","INV","المخزون","٧،١٠","أمين مخزن، مالك، مدير فرع","W/M/D","390 834 1366 1440 1920","أساسي","ready validation_error saving saved_local success partial","6","C-PICK C-QTYUNIT C-DOCPRV","36","","","05-D2-Catalog-Inventory.dc.html","owner_approved","","drawn","28-D21-Access-Inventory-Complete.dc.html#INV-09","3","6","36"
"INV-10","استلام تحويل جزئي ومراجعة فرق","INV","المخزون","٧،١٠","أمين مخزن، مالك، مدير فرع","W/M/D","390 834 1366 1440 1920","أساسي","ready partial validation_error conflict success","5","C-RECV C-QTYUNIT C-NOTICE","30","","ACC-18","05-D2-Catalog-Inventory.dc.html","owner_approved","","drawn","05-D2-Catalog-Inventory.dc.html#INV-10","1","5","30"
"PUR-01","قائمة أوامر شراء داخلية وتفاصيل","PUR","المشتريات والتكلفة","٧،١٦،١٩","مالك، مسؤول مشتريات","W/M/D","390 834 1366 1440 1920","مشروط","ready loading empty permission_denied","4","C-TABLE C-FILTER C-PHASE","24","","","05-D2-Catalog-Inventory.dc.html","owner_approved","G-03 عقد التكلفة","drawn","32-D24-Purchasing-Growth.dc.html#PUR-01","0","6","24"
"PUR-02","إنشاء أمر شراء داخلي","PUR","المشتريات والتكلفة","٧،١٦،١٩","مالك، مسؤول مشتريات","W/M/D","390 834 1366 1440 1920","مشروط","ready validation_error saving success","4","C-QTYUNIT C-MONEY C-PHASE","24","","","05-D2-Catalog-Inventory.dc.html","owner_approved","G-03 عقد التكلفة","drawn","32-D24-Purchasing-Growth.dc.html#PUR-02","0","6","24"
"PUR-03","مستند شراء واعتماده","PUR","المشتريات والتكلفة","٧،١٦،١٩","مالك، مسؤول مشتريات","W/M/D","390 834 1366 1440 1920","مشروط","ready validation_error permission_denied success","4","C-DOCPRV C-DIALOG C-PHASE","24","","","05-D2-Catalog-Inventory.dc.html","owner_approved","G-03 عقد التكلفة","drawn","32-D24-Purchasing-Growth.dc.html#PUR-03","0","6","24"
"PUR-04","مرتجع مشتريات","PUR","المشتريات والتكلفة","٧،١٦،١٩","مالك، مسؤول مشتريات","W/M/D","390 834 1366 1440 1920","مشروط","ready validation_error partial success","4","C-QTYUNIT C-DOCPRV C-PHASE","24","","","05-D2-Catalog-Inventory.dc.html","owner_approved","G-03 عقد التكلفة","drawn","32-D24-Purchasing-Growth.dc.html#PUR-04","0","6","24"
"PUR-05","التكلفة والهامش","PUR","المشتريات والتكلفة","٧،١٦،١٩","مالك، مسؤول مشتريات","W/M/D","390 834 1366 1440 1920","مشروط","ready empty permission_denied phase_locked","4","C-TABLE C-PHASE C-NOTICE","24","","ACC-90","05-D2-Catalog-Inventory.dc.html","owner_approved","G-03 عقد التكلفة","drawn","32-D24-Purchasing-Growth.dc.html#PUR-05","0","6","24"
"SHIFT-01","فتح وردية","SHIFT","الورديات والصندوق","١٠","كاشير، مدير فرع، مالك","W/M/D","390 834 1366 1440 1920","أساسي","ready validation_error offline saved_local success","5","C-MONEY C-FIELD C-SYNC","30","F01 F05","ACC-34","06-D2-Shifts-Access.dc.html","owner_approved","","drawn","06-D2-Shifts-Access.dc.html#SHIFT-01","1","5","30"
"SHIFT-02","الوردية الحالية","SHIFT","الورديات والصندوق","١٠","كاشير، مدير فرع، مالك","W/M/D","390 834 1366 1440 1920","أساسي","ready loading offline pending_sync stale","5","C-TABLE C-MONEY C-SYNC","30","F05","ACC-08 ACC-13 ACC-34 ACC-66","06-D2-Shifts-Access.dc.html","owner_approved","","drawn","06-D2-Shifts-Access.dc.html#SHIFT-02","2","5","30"
"SHIFT-03","حركة صندوق وتسوية","SHIFT","الورديات والصندوق","١٠","كاشير، مدير فرع، مالك","W/M/D","390 834 1366 1440 1920","أساسي","ready validation_error permission_denied success","4","C-MONEY C-FIELD C-DIALOG","24","","","06-D2-Shifts-Access.dc.html","owner_approved","","drawn","31-D23-Catalog-Home-Shift.dc.html#SHIFT-03","0","6","24"
"SHIFT-04","إغلاق وعد صندوق","SHIFT","الورديات والصندوق","١٠","كاشير، مدير فرع، مالك","W/M/D","390 834 1366 1440 1920","أساسي","ready validation_error partial saved_local success","5","C-MONEY C-DOCPRV C-NOTICE","30","F05","ACC-67","06-D2-Shifts-Access.dc.html","owner_approved","","drawn","33-D25-Failure-Payment-Closure.dc.html#SHIFT-04","0","7","30"
"SHIFT-05","مراجعة فروق وعمليات متأخرة","SHIFT","الورديات والصندوق","١٠","كاشير، مدير فرع، مالك","W/M/D","390 834 1366 1440 1920","أساسي","ready empty conflict permission_denied stale","5","C-TABLE C-STATUS C-NOTICE","30","F05","ACC-67 ACC-68","06-D2-Shifts-Access.dc.html","owner_approved","","drawn","06-D2-Shifts-Access.dc.html#SHIFT-05","1","5","30"
"ORG-01","المستخدمون والدعوات","ORG","إدارة المنشأة","٩،١٠،١١،١٦","مالك","W/M/D","390 834 1366 1440 1920","أساسي","ready loading empty validation_error expired success","6","C-TABLE C-STATUS C-DIALOG","36","","","07-D3-Admin-Reports-Sync.dc.html","owner_approved","","drawn","27-D20-Org-Orders-Complete.dc.html#ORG-01","2","6","36"
"ORG-02","مصفوفة الأدوار والصلاحيات","ORG","إدارة المنشأة","٩،١٠،١١،١٦","مالك","W/M/D","390 834 1366 1440 1920","أساسي","ready validation_error permission_denied success","4","C-TABLE C-FIELD C-MONEY","24","","ACC-44 ACC-46 ACC-62","07-D3-Admin-Reports-Sync.dc.html","owner_approved","G-09 سقوف التفويض المالي","drawn","07-D3-Admin-Reports-Sync.dc.html#ORG-02","2","4","24"
"ORG-03","الفروع وتفاصيلها","ORG","إدارة المنشأة","٩،١٠،١١،١٦","مالك","W/M/D","390 834 1366 1440 1920","أساسي","ready empty validation_error permission_denied","4","C-TABLE C-FIELD C-STATUS","24","","ACC-42","07-D3-Admin-Reports-Sync.dc.html","owner_approved","","drawn","15-D10-Parties-Shifts-Org.dc.html#ORG-03","1","4","24"
"ORG-04","قائمة الأجهزة وتفاصيلها","ORG","إدارة المنشأة","٩،١٠،١١،١٦","مالك","W/M/D","390 834 1366 1440 1920","أساسي","ready loading empty offline stale","5","C-TABLE C-SYNC C-STATUS","30","","ACC-71 ACC-102","07-D3-Admin-Reports-Sync.dc.html","owner_approved","","drawn","15-D10-Parties-Shifts-Org.dc.html#ORG-04","3","5","30"
"ORG-05","سحب مستخدم أو نطاق أو جهاز","ORG","إدارة المنشأة","٩،١٠،١١،١٦","مالك","W/M/D","390 834 1366 1440 1920","أساسي","ready validation_error permission_denied pending_sync success","5","C-DIALOG C-NOTICE C-SYNC","30","F08","ACC-45 ACC-63 ACC-64","07-D3-Admin-Reports-Sync.dc.html","owner_approved","","drawn","20-D15-Org-Access-Closure.dc.html#ORG-05","2","5","30"
"ORG-06","الاشتراك والباقات","ORG","إدارة المنشأة","٩،١٠،١١،١٦","مالك","W/M/D","390 834 1366 1440 1920","أساسي","ready loading permission_denied expired","4","C-TABLE C-STATUS C-PHASE","24","F17","ACC-82 ACC-104","07-D3-Admin-Reports-Sync.dc.html","owner_approved","","drawn","21-D16-Subscription-Customer-Public.dc.html#ORG-06","3","4","24"
"ORG-07","إثبات تحويل الاشتراك ومراجعته","ORG","إدارة المنشأة","٩،١٠،١١،١٦","مالك","W/M/D","390 834 1366 1440 1920","أساسي","ready validation_error saving success server_error","5","C-UPLOAD C-STATUS C-DOCPRV","30","F17","","07-D3-Admin-Reports-Sync.dc.html","owner_approved","","drawn","27-D20-Org-Orders-Complete.dc.html#ORG-07","4","5","30"
"ORG-08","انتهاء الاشتراك","ORG","إدارة المنشأة","٩،١٠،١١،١٦","مالك","W/M/D","390 834 1366 1440 1920","أساسي","ready expired permission_denied","3","C-NOTICE C-PHASE C-STATUS","18","F17","ACC-80 ACC-81 ACC-82","07-D3-Admin-Reports-Sync.dc.html","owner_approved","G-08 قائمة وظائف POS المستمرة","drawn","07-D3-Admin-Reports-Sync.dc.html#ORG-08","1","3","18"
"ORG-09","إعدادات المنشأة واللغة والقوالب","ORG","إدارة المنشأة","٩،١٠،١١،١٦","مالك","W/M/D","390 834 1366 1440 1920","أساسي","ready validation_error success conflict","4","C-FIELD C-DOCPRV C-PICK","24","","ACC-27","07-D3-Admin-Reports-Sync.dc.html","owner_approved","G-01 نمط الأرقام","drawn","13-D8-Decisions-Applied.dc.html#ORG-09","3","4","24"
"ORG-10","سجل تدقيق","ORG","إدارة المنشأة","٩،١٠،١١،١٦","مالك","W/M/D","390 834 1366 1440 1920","أساسي","ready loading empty permission_denied","4","C-TABLE C-FILTER C-TIMELIST","24","","","07-D3-Admin-Reports-Sync.dc.html","owner_approved","","drawn","20-D15-Org-Access-Closure.dc.html#ORG-10","3","5","24"
"REP-01","تقرير المبيعات","REP","التقارير","٧،١٠،١٦","مالك، مدير فرع","W/M/D","390 834 1366 1440 1920","أساسي","ready loading empty stale pending_sync permission_denied","6","C-TABLE C-FILTER C-SYNC","36","","","07-D3-Admin-Reports-Sync.dc.html","owner_approved","","drawn","16-D11-System-Reports.dc.html#REP-01","1","6","36"
"REP-02","تقرير الذمم","REP","التقارير","٧،١٠،١٦","مالك، مدير فرع","W/M/D","390 834 1366 1440 1920","أساسي","ready loading empty stale permission_denied","5","C-TABLE C-FILTER C-LEDLINE","30","","ACC-79","07-D3-Admin-Reports-Sync.dc.html","owner_approved","G-15 توقع تقادم الديون","drawn","07-D3-Admin-Reports-Sync.dc.html#REP-02","1","5","30"
"REP-03","تقرير المخزون والحركات","REP","التقارير","٧،١٠،١٦","مالك، مدير فرع","W/M/D","390 834 1366 1440 1920","أساسي","ready loading empty stale pending_sync","5","C-TABLE C-FILTER C-QTYUNIT","30","","","07-D3-Admin-Reports-Sync.dc.html","owner_approved","","drawn","19-D14-Sync-Recovery-Reports.dc.html#REP-03","1","5","30"
"REP-04","تقرير الصندوق والورديات","REP","التقارير","٧،١٠،١٦","مالك، مدير فرع","W/M/D","390 834 1366 1440 1920","أساسي","ready loading empty conflict stale","5","C-TABLE C-MONEY C-STATUS","30","","","07-D3-Admin-Reports-Sync.dc.html","owner_approved","","drawn","16-D11-System-Reports.dc.html#REP-04","1","5","30"
"REP-05","الهامش والمقارنة بين الفروع","REP","التقارير","٧،١٠،١٦","مالك، مدير فرع","W/M/D","390 834 1366 1440 1920","مشروط","ready empty permission_denied phase_locked","4","C-TABLE C-PHASE C-NOTICE","24","","ACC-90","07-D3-Admin-Reports-Sync.dc.html","owner_approved","G-03 عقد التكلفة","drawn","16-D11-System-Reports.dc.html#REP-05","2","4","24"
"REP-06","تصدير تقرير ومعاينته","REP","التقارير","٧،١٠،١٦","مالك، مدير فرع","W/M/D","390 834 1366 1440 1920","أساسي","ready loading validation_error success server_error","5","C-DOCPRV C-UPLOAD C-FIELD","30","","","07-D3-Admin-Reports-Sync.dc.html","owner_approved","","drawn","19-D14-Sync-Recovery-Reports.dc.html#REP-06","1","5","30"
"SYS-01","مركز الاتصال والمزامنة","SYS","المزامنة والاستعادة","٨،٩،١٣","مالك، مشغّل الخدمة (دعم مقيد)","W/M/D","390 834 1366 1440 1920","أساسي","ready offline pending_sync synced stale server_error","6","C-SYNC C-TABLE C-NOTICE","36","F07","ACC-01 ACC-04 ACC-05 ACC-06 ACC-47 ACC-48 ACC-71 ACC-88 ACC-96 ACC-136","07-D3-Admin-Reports-Sync.dc.html","owner_approved","","drawn","07-D3-Admin-Reports-Sync.dc.html#SYS-01","2","6","36"
"SYS-02","تفاصيل عملية متعثرة","SYS","المزامنة والاستعادة","٨،٩،١٣","مالك، مشغّل الخدمة (دعم مقيد)","W/M/D","390 834 1366 1440 1920","أساسي","ready empty server_error conflict pending_sync","5","C-TIMELIST C-NOTICE C-STATUS","30","","ACC-05 ACC-29 ACC-33 ACC-59 ACC-77","07-D3-Admin-Reports-Sync.dc.html","owner_approved","","drawn","16-D11-System-Reports.dc.html#SYS-02","1","5","30"
"SYS-03","تعارض وحجر ومراجعة مالك","SYS","المزامنة والاستعادة","٨،٩،١٣","مالك، مشغّل الخدمة (دعم مقيد)","W/M/D","390 834 1366 1440 1920","أساسي","ready conflict permission_denied success","4","C-DOCPRV C-DIALOG C-STATUS","24","F08","ACC-16 ACC-18 ACC-32 ACC-49 ACC-57 ACC-63","07-D3-Admin-Reports-Sync.dc.html","owner_approved","","drawn","07-D3-Admin-Reports-Sync.dc.html#SYS-03","2","4","24"
"SYS-04","انخفاض التخزين أو فشل استدامته","SYS","المزامنة والاستعادة","٨،٩،١٣","مالك، مشغّل الخدمة (دعم مقيد)","W/M/D","390 834 1366 1440 1920","أساسي","ready validation_error server_error","3","C-NOTICE C-BTN C-SYNC","18","","ACC-69 ACC-70","07-D3-Admin-Reports-Sync.dc.html","owner_approved","","drawn","16-D11-System-Reports.dc.html#SYS-04","1","3","18"
"SYS-05","تصدير نسخة محلية","SYS","المزامنة والاستعادة","٨،٩،١٣","مالك، مشغّل الخدمة (دعم مقيد)","W/M/D","390 834 1366 1440 1920","أساسي","ready saving validation_error success server_error","5","C-DOCPRV C-NOTICE C-BTN","30","F07","ACC-85 ACC-99","07-D3-Admin-Reports-Sync.dc.html","owner_approved","","drawn","16-D11-System-Reports.dc.html#SYS-05","1","5","30"
"SYS-06","استعادة نسخة ومعاينتها","SYS","المزامنة والاستعادة","٨،٩،١٣","مالك، مشغّل الخدمة (دعم مقيد)","W/M/D","390 834 1366 1440 1920","أساسي","ready validation_error conflict partial success server_error","6","C-UPLOAD C-DOCPRV C-DIALOG","36","F07","ACC-73 ACC-74 ACC-81","07-D3-Admin-Reports-Sync.dc.html","owner_approved","","drawn","16-D11-System-Reports.dc.html#SYS-06","1","6","36"
"SYS-07","استرداد جهاز مسحوب","SYS","المزامنة والاستعادة","٨،٩،١٣","مالك، مشغّل الخدمة (دعم مقيد)","W/M/D","390 834 1366 1440 1920","أساسي","ready permission_denied pending_sync conflict success","5","C-DIALOG C-SYNC C-STATUS","30","F08","ACC-64","07-D3-Admin-Reports-Sync.dc.html","owner_approved","","drawn","19-D14-Sync-Recovery-Reports.dc.html#SYS-07","1","5","30"
"SYS-08","تغير جيل الخادم والمصالحة","SYS","المزامنة والاستعادة","٨،٩،١٣","مالك، مشغّل الخدمة (دعم مقيد)","W/M/D","390 834 1366 1440 1920","أساسي","conflict stale pending_sync success","4","C-NOTICE C-SYNC C-TIMELIST","24","","ACC-07 ACC-55 ACC-56 ACC-57 ACC-137","07-D3-Admin-Reports-Sync.dc.html","owner_approved","","drawn","19-D14-Sync-Recovery-Reports.dc.html#SYS-08","1","4","24"
"SYS-09","تحديث التطبيق مع عمليات معلقة","SYS","المزامنة والاستعادة","٨،٩،١٣","مالك، مشغّل الخدمة (دعم مقيد)","W/M/D","390 834 1366 1440 1920","أساسي","ready pending_sync validation_error success server_error","5","C-DIALOG C-SYNC C-NOTICE","30","","ACC-72 ACC-93 ACC-100","07-D3-Admin-Reports-Sync.dc.html","owner_approved","","drawn","19-D14-Sync-Recovery-Reports.dc.html#SYS-09","1","5","30"
"SYS-10","استيراد بيانات","SYS","المزامنة والاستعادة","٨،٩،١٣","مالك، مشغّل الخدمة (دعم مقيد)","W/M/D","390 834 1366 1440 1920","أساسي","ready loading validation_error partial success server_error","6","C-UPLOAD C-TABLE C-DOCPRV","36","","ACC-38 ACC-86","07-D3-Admin-Reports-Sync.dc.html","owner_approved","","drawn","16-D11-System-Reports.dc.html#SYS-10","1","6","36"
"SYS-11","الدعم والتشخيص","SYS","المزامنة والاستعادة","٨،٩،١٣","مالك، مشغّل الخدمة (دعم مقيد)","W/M/D","390 834 1366 1440 1920","أساسي","ready empty permission_denied success","4","C-DOCPRV C-NOTICE C-BTN","24","","ACC-87","07-D3-Admin-Reports-Sync.dc.html","owner_approved","","drawn","19-D14-Sync-Recovery-Reports.dc.html#SYS-11","1","4","24"
"NOT-01","صندوق الوارد والتفاصيل","NOT","الإشعارات والحملات","١١","مسؤول حملات المحل، مالك","W/M/D","390 834 1366 1440 1920","أساسي","ready loading empty expired permission_denied","5","C-TIMELIST C-STATUS C-NOTICE","30","","ACC-110 ACC-113","17-D12-Notifications-Campaigns.dc.html","owner_approved","","drawn","17-D12-Notifications-Campaigns.dc.html#NOT-01","2","6","30"
"NOT-02","تفضيلات التنبيه","NOT","الإشعارات والحملات","١١","مسؤول حملات المحل، مالك","W/M/D","390 834 1366 1440 1920","أساسي","ready validation_error offline success","4","C-FIELD C-STATUS C-NOTICE","24","","","17-D12-Notifications-Campaigns.dc.html","owner_approved","","drawn","17-D12-Notifications-Campaigns.dc.html#NOT-02","1","4","24"
"NOT-03","قائمة الحملات","NOT","الإشعارات والحملات","١١","مسؤول حملات المحل، مالك","W/M/D","390 834 1366 1440 1920","أساسي","ready loading empty permission_denied","4","C-TABLE C-STATUS C-FILTER","24","F14","","17-D12-Notifications-Campaigns.dc.html","owner_approved","","drawn","17-D12-Notifications-Campaigns.dc.html#NOT-03","1","4","24"
"NOT-04","إنشاء حملة واختيار الجمهور","NOT","الإشعارات والحملات","١١","مسؤول حملات المحل، مالك","W/M/D","390 834 1366 1440 1920","أساسي","ready empty validation_error permission_denied","4","C-CAMP C-AUD C-FIELD","24","F14","ACC-103","17-D12-Notifications-Campaigns.dc.html","owner_approved","","drawn","07-D3-Admin-Reports-Sync.dc.html#NOT-04","1","4","24"
"NOT-05","معاينة واعتماد وجدولة","NOT","الإشعارات والحملات","١١","مسؤول حملات المحل، مالك","W/M/D","390 834 1366 1440 1920","أساسي","ready validation_error saving expired success","5","C-DOCPRV C-CAMP C-DIALOG","30","F14","ACC-109","17-D12-Notifications-Campaigns.dc.html","owner_approved","","drawn","17-D12-Notifications-Campaigns.dc.html#NOT-05","1","5","30"
"NOT-06","نتائج حملة وإلغاؤها","NOT","الإشعارات والحملات","١١","مسؤول حملات المحل، مالك","W/M/D","390 834 1366 1440 1920","أساسي","ready empty partial server_error success","5","C-TABLE C-STATUS C-NOTICE","30","F14","ACC-88 ACC-108 ACC-109 ACC-111","17-D12-Notifications-Campaigns.dc.html","owner_approved","","drawn","07-D3-Admin-Reports-Sync.dc.html#NOT-06","1","5","30"
"MP-01","رئيسية السوق","MP","السوق والاكتشاف","١،٥،٦،٩،١٢،١٤","مدير ملف المنشأة، ناشر الكتالوج، مسؤول مشتريات","W/M/D","390 834 1366 1440 1920","M1","ready loading empty offline stale","5","C-LISTING C-FILTER C-PICK","30","","","08-D4-Marketplace-Orders.dc.html","owner_approved","","drawn","12-D7-Remaining-Screens.dc.html#MP-01","2","2","30"
"MP-02","دليل المخازن والمتاجر","MP","السوق والاكتشاف","١،٥،٦،٩،١٢،١٤","مدير ملف المنشأة، ناشر الكتالوج، مسؤول مشتريات","W/M/D","390 834 1366 1440 1920","M1","ready loading empty stale","4","C-TABLE C-FILTER C-STATUS","24","F09","","08-D4-Marketplace-Orders.dc.html","owner_approved","","drawn","29-D22-Marketplace-Link-Complete.dc.html#MP-02","2","2","24"
"MP-03","ملف منشأة منشور","MP","السوق والاكتشاف","١،٥،٦،٩،١٢،١٤","مدير ملف المنشأة، ناشر الكتالوج، مسؤول مشتريات","W/M/D","390 834 1366 1440 1920","M1","ready loading permission_denied expired","4","C-LISTING C-STATUS C-NOTICE","24","F09","","08-D4-Marketplace-Orders.dc.html","owner_approved","","drawn","12-D7-Remaining-Screens.dc.html#MP-03","1","1","24"
"MP-04","نتائج بحث المنتجات والمقارنة","MP","السوق والاكتشاف","١،٥،٦،٩،١٢،١٤","مدير ملف المنشأة، ناشر الكتالوج، مسؤول مشتريات","W/M/D","390 834 1366 1440 1920","M1","ready loading empty stale partial","5","C-LISTING C-FILTER C-QTYUNIT","30","F11","ACC-92 ACC-122","08-D4-Marketplace-Orders.dc.html","owner_approved","","drawn","08-D4-Marketplace-Orders.dc.html#MP-04","1","1","30"
"MP-05","تفاصيل عرض","MP","السوق والاكتشاف","١،٥،٦،٩،١٢،١٤","مدير ملف المنشأة، ناشر الكتالوج، مسؤول مشتريات","W/M/D","390 834 1366 1440 1920","M1","ready empty expired permission_denied stale","5","C-LISTING C-QTYUNIT C-STATUS","30","F10 F11","ACC-60 ACC-122 ACC-140 ACC-143","08-D4-Marketplace-Orders.dc.html","owner_approved","","drawn","08-D4-Marketplace-Orders.dc.html#MP-05","1","1","30"
"MP-06","متابعة مورد وقائمة المتابعين الخاصة","MP","السوق والاكتشاف","١،٥،٦،٩،١٢،١٤","مدير ملف المنشأة، ناشر الكتالوج، مسؤول مشتريات","W/M/D","390 834 1366 1440 1920","M1","ready empty permission_denied success","4","C-TABLE C-STATUS C-BTN","24","","ACC-134","08-D4-Marketplace-Orders.dc.html","owner_approved","","drawn","29-D22-Marketplace-Link-Complete.dc.html#MP-06","3","3","24"
"MP-07","مشاركة رابط ودعوة منشأة","MP","السوق والاكتشاف","١،٥،٦،٩،١٢،١٤","مدير ملف المنشأة، ناشر الكتالوج، مسؤول مشتريات","W/M/D","390 834 1366 1440 1920","M1","ready expired permission_denied success","4","C-DOCPRV C-DIALOG C-NOTICE","24","F09","ACC-150","08-D4-Marketplace-Orders.dc.html","owner_approved","","drawn","12-D7-Remaining-Screens.dc.html#MP-07","0","1","24"
"MP-08","تهيئة بائع وتحقق الهوية","MP","السوق والاكتشاف","١،٥،٦،٩،١٢،١٤","مدير ملف المنشأة، ناشر الكتالوج، مسؤول مشتريات","W/M/D","390 834 1366 1440 1920","M1","ready loading validation_error permission_denied success","5","C-FIELD C-UPLOAD C-STATUS","30","F10","ACC-118 ACC-119","08-D4-Marketplace-Orders.dc.html","owner_approved","G-06 تفعيل دور البائع","drawn","08-D4-Marketplace-Orders.dc.html#MP-08","2","2","30"
"MP-09","إدارة صفحة المنشأة","MP","السوق والاكتشاف","١،٥،٦،٩،١٢،١٤","مدير ملف المنشأة، ناشر الكتالوج، مسؤول مشتريات","W/M/D","390 834 1366 1440 1920","M1","ready validation_error saving permission_denied success","5","C-FIELD C-DOCPRV C-PANEL","30","F10","ACC-120","08-D4-Marketplace-Orders.dc.html","owner_approved","","drawn","29-D22-Marketplace-Link-Complete.dc.html#MP-09","2","2","30"
"MP-10","قائمة العروض الداخلية للبائع","MP","السوق والاكتشاف","١،٥،٦،٩،١٢،١٤","مدير ملف المنشأة، ناشر الكتالوج، مسؤول مشتريات","W/M/D","390 834 1366 1440 1920","M1","ready loading empty expired","4","C-TABLE C-STATUS C-FILTER","24","","ACC-120","08-D4-Marketplace-Orders.dc.html","owner_approved","","drawn","29-D22-Marketplace-Link-Complete.dc.html#MP-10","3","3","24"
"MP-11","إنشاء عرض ونشره","MP","السوق والاكتشاف","١،٥،٦،٩،١٢،١٤","مدير ملف المنشأة، ناشر الكتالوج، مسؤول مشتريات","W/M/D","390 834 1366 1440 1920","M1","ready validation_error saving permission_denied success","5","C-PICK C-AUD C-DOCPRV","30","F10","ACC-120","08-D4-Marketplace-Orders.dc.html","owner_approved","","drawn","08-D4-Marketplace-Orders.dc.html#MP-11","1","1","30"
"MP-12","أسعار شرائح وقوائم خاصة","MP","السوق والاكتشاف","١،٥،٦،٩،١٢،١٤","مدير ملف المنشأة، ناشر الكتالوج، مسؤول مشتريات","W/M/D","390 834 1366 1440 1920","M1","ready empty validation_error permission_denied","4","C-TABLE C-MONEY C-AUD","24","","ACC-121 ACC-138","08-D4-Marketplace-Orders.dc.html","owner_approved","","drawn","10-D6-Marketplace-Orders-Completion.dc.html#MP-12","1","1","24"
"MP-13","تجديد تأكيد سعر وتوفر","MP","السوق والاكتشاف","١،٥،٦،٩،١٢،١٤","مدير ملف المنشأة، ناشر الكتالوج، مسؤول مشتريات","W/M/D","390 834 1366 1440 1920","M1","ready expired saving permission_denied success","5","C-STATUS C-DIALOG C-NOTICE","30","","ACC-123 ACC-144","08-D4-Marketplace-Orders.dc.html","owner_approved","","drawn","10-D6-Marketplace-Orders-Completion.dc.html#MP-13","1","1","30"
"MP-14","عرض منتهٍ أو منشأة معلقة","MP","السوق والاكتشاف","١،٥،٦،٩،١٢،١٤","مدير ملف المنشأة، ناشر الكتالوج، مسؤول مشتريات","W/M/D","390 834 1366 1440 1920","M1","ready expired permission_denied","3","C-NOTICE C-STATUS C-BTN","18","","ACC-110 ACC-135 ACC-143","08-D4-Marketplace-Orders.dc.html","owner_approved","","drawn","29-D22-Marketplace-Link-Complete.dc.html#MP-14","2","2","18"
"MP-15","بلاغ عن عرض أو انتحال","MP","السوق والاكتشاف","١،٥،٦،٩،١٢،١٤","مدير ملف المنشأة، ناشر الكتالوج، مسؤول مشتريات","W/M/D","390 834 1366 1440 1920","M1","ready validation_error permission_denied success","4","C-FIELD C-UPLOAD C-STATUS","24","","ACC-139","08-D4-Marketplace-Orders.dc.html","owner_approved","","drawn","29-D22-Marketplace-Link-Complete.dc.html#MP-15","3","3","24"
"ORD-01","سلة ومسودة طلب","ORD","طلبات السوق والتنفيذ","٧،٨،٩،١٧","مسؤول مشتريات، مسؤول مبيعات المورد، مسؤول الاستلام","W/M/D","390 834 1366 1440 1920","M2","ready empty offline validation_error stale","5","C-CART C-QTYUNIT C-SYNC","30","F11","ACC-123 ACC-126","08-D4-Marketplace-Orders.dc.html","owner_approved","","drawn","08-D4-Marketplace-Orders.dc.html#ORD-01","2","2","30"
"ORD-02","مراجعة وإرسال طلب أو طلب سعر","ORD","طلبات السوق والتنفيذ","٧،٨،٩،١٧","مسؤول مشتريات، مسؤول مبيعات المورد، مسؤول الاستلام","W/M/D","390 834 1366 1440 1920","M2","ready validation_error saving expired success server_error","6","C-DOCPRV C-MONEY C-NOTICE","36","F11","ACC-126 ACC-140","08-D4-Marketplace-Orders.dc.html","owner_approved","","drawn","10-D6-Marketplace-Orders-Completion.dc.html#ORD-02","1","1","36"
"ORD-03","طلبات المشتري","ORD","طلبات السوق والتنفيذ","٧،٨،٩،١٧","مسؤول مشتريات، مسؤول مبيعات المورد، مسؤول الاستلام","W/M/D","390 834 1366 1440 1920","M2","ready loading empty stale pending_sync","5","C-TABLE C-STATUS C-FILTER","30","","","08-D4-Marketplace-Orders.dc.html","owner_approved","","drawn","12-D7-Remaining-Screens.dc.html#ORD-03","1","2","30"
"ORD-04","طلبات المورد","ORD","طلبات السوق والتنفيذ","٧،٨،٩،١٧","مسؤول مشتريات، مسؤول مبيعات المورد، مسؤول الاستلام","W/M/D","390 834 1366 1440 1920","M2","ready loading empty expired","4","C-TABLE C-STATUS C-FILTER","24","","","08-D4-Marketplace-Orders.dc.html","owner_approved","","drawn","27-D20-Org-Orders-Complete.dc.html#ORD-04","3","3","24"
"ORD-05","تفاصيل الطلب وسجل الإصدارات","ORD","طلبات السوق والتنفيذ","٧،٨،٩،١٧","مسؤول مشتريات، مسؤول مبيعات المورد، مسؤول الاستلام","W/M/D","390 834 1366 1440 1920","M2","ready loading partial conflict permission_denied","5","C-ORDTL C-DOCPRV C-STATUS","30","F12","ACC-127 ACC-145","08-D4-Marketplace-Orders.dc.html","owner_approved","","drawn","10-D6-Marketplace-Orders-Completion.dc.html#ORD-05","1","1","30"
"ORD-06","إعداد عرض سعر من المورد","ORD","طلبات السوق والتنفيذ","٧،٨،٩،١٧","مسؤول مشتريات، مسؤول مبيعات المورد، مسؤول الاستلام","W/M/D","390 834 1366 1440 1920","M2","ready validation_error saving expired success partial","6","C-QUOTE C-MONEY C-QTYUNIT","36","F11","","08-D4-Marketplace-Orders.dc.html","owner_approved","","drawn","12-D7-Remaining-Screens.dc.html#ORD-06","0","1","36"
"ORD-07","مقارنة العرض وقبوله أو رفضه","ORD","طلبات السوق والتنفيذ","٧،٨،٩،١٧","مسؤول مشتريات، مسؤول مبيعات المورد، مسؤول الاستلام","W/M/D","390 834 1366 1440 1920","M2","ready validation_error expired conflict success","5","C-QUOTE C-DIALOG C-NOTICE","30","F11","ACC-125","08-D4-Marketplace-Orders.dc.html","owner_approved","","drawn","08-D4-Marketplace-Orders.dc.html#ORD-07","1","1","30"
"ORD-08","تجهيز وتسليم جزئي","ORD","طلبات السوق والتنفيذ","٧،٨،٩،١٧","مسؤول مشتريات، مسؤول مبيعات المورد، مسؤول الاستلام","W/M/D","390 834 1366 1440 1920","M2","ready validation_error partial success","4","C-RECV C-QTYUNIT C-ORDTL","24","F12","ACC-128","08-D4-Marketplace-Orders.dc.html","owner_approved","","drawn","12-D7-Remaining-Screens.dc.html#ORD-08","4","4","24"
"ORD-09","استلام جزئي ورفض كمية","ORD","طلبات السوق والتنفيذ","٧،٨،٩،١٧","مسؤول مشتريات، مسؤول مبيعات المورد، مسؤول الاستلام","W/M/D","390 834 1366 1440 1920","M2","ready validation_error partial conflict success","5","C-RECV C-QTYUNIT C-STATUS","30","F12","ACC-127 ACC-128","08-D4-Marketplace-Orders.dc.html","owner_approved","","drawn","08-D4-Marketplace-Orders.dc.html#ORD-09","1","1","30"
"ORD-10","إلغاء المتبقي","ORD","طلبات السوق والتنفيذ","٧،٨،٩،١٧","مسؤول مشتريات، مسؤول مبيعات المورد، مسؤول الاستلام","W/M/D","390 834 1366 1440 1920","M2","ready validation_error partial permission_denied success","5","C-DIALOG C-ORDTL C-NOTICE","30","","ACC-129","08-D4-Marketplace-Orders.dc.html","owner_approved","","drawn","10-D6-Marketplace-Orders-Completion.dc.html#ORD-10","4","4","30"
"ORD-11","طلب مرتجع تجاري","ORD","طلبات السوق والتنفيذ","٧،٨،٩،١٧","مسؤول مشتريات، مسؤول مبيعات المورد، مسؤول الاستلام","W/M/D","390 834 1366 1440 1920","M2","ready validation_error partial success","4","C-QTYUNIT C-DOCPRV C-STATUS","24","","ACC-141","08-D4-Marketplace-Orders.dc.html","owner_approved","","drawn","27-D20-Org-Orders-Complete.dc.html#ORD-11","4","4","24"
"ORD-12","خلاف وأدلته وتطور حالته","ORD","طلبات السوق والتنفيذ","٧،٨،٩،١٧","مسؤول مشتريات، مسؤول مبيعات المورد، مسؤول الاستلام","W/M/D","390 834 1366 1440 1920","M2","ready empty partial permission_denied success","5","C-TIMELIST C-UPLOAD C-STATUS","30","F12","ACC-132 ACC-148","08-D4-Marketplace-Orders.dc.html","owner_approved","","drawn","10-D6-Marketplace-Orders-Completion.dc.html#ORD-12","1","1","30"
"ORD-13","إثبات دفع ومتابعة المطابقة","ORD","طلبات السوق والتنفيذ","٧،٨،٩،١٧","مسؤول مشتريات، مسؤول مبيعات المورد، مسؤول الاستلام","W/M/D","390 834 1366 1440 1920","M2","ready validation_error partial stale success","5","C-UPLOAD C-MONEY C-NOTICE","30","","ACC-14 ACC-15 ACC-133","08-D4-Marketplace-Orders.dc.html","owner_approved","","drawn","10-D6-Marketplace-Orders-Completion.dc.html#ORD-13","1","1","30"
"ORD-14","تعارض نسخة أو رد مفقود","ORD","طلبات السوق والتنفيذ","٧،٨،٩،١٧","مسؤول مشتريات، مسؤول مبيعات المورد، مسؤول الاستلام","W/M/D","390 834 1366 1440 1920","M2","ready conflict server_error success","4","C-NOTICE C-ORDTL C-DIALOG","24","","ACC-124","08-D4-Marketplace-Orders.dc.html","owner_approved","","drawn","08-D4-Marketplace-Orders.dc.html#ORD-14","1","1","24"
"ORD-15","استعادة طلب بعد فقد خادمي","ORD","طلبات السوق والتنفيذ","٧،٨،٩،١٧","مسؤول مشتريات، مسؤول مبيعات المورد، مسؤول الاستلام","W/M/D","390 834 1366 1440 1920","M2","conflict stale permission_denied success","4","C-NOTICE C-ORDTL C-STATUS","24","","ACC-137","08-D4-Marketplace-Orders.dc.html","owner_approved","","drawn","10-D6-Marketplace-Orders-Completion.dc.html#ORD-15","1","1","24"
"LINK-01","ربط الطرف المحلي بالمنشأة","LINK","التكامل المالي للسوق","٥،٧،١٥","مالك، مسؤول مشتريات","W/M/D","390 834 1366 1440 1920","M3","ready validation_error permission_denied success phase_locked","5","C-PICK C-DIALOG C-PHASE","30","F13","ACC-131","09-D5-Platform-Integrations.dc.html","owner_approved","G-13 حالة «مرحلة غير مفعّلة»","drawn","29-D22-Marketplace-Link-Complete.dc.html#LINK-01","3","5","30"
"LINK-02","مطابقة أصناف ووحدات الطرفين","LINK","التكامل المالي للسوق","٥،٧،١٥","مالك، مسؤول مشتريات","W/M/D","390 834 1366 1440 1920","M3","ready validation_error conflict success phase_locked","5","C-TABLE C-QTYUNIT C-PHASE","30","F13","ACC-131","09-D5-Platform-Integrations.dc.html","owner_approved","G-13 حالة «مرحلة غير مفعّلة»","drawn","29-D22-Marketplace-Link-Complete.dc.html#LINK-02","3","5","30"
"LINK-03","تحويل استلام أو بيع إلى مستند","LINK","التكامل المالي للسوق","٥،٧،١٥","مالك، مسؤول مشتريات","W/M/D","390 834 1366 1440 1920","M3","ready validation_error conflict success phase_locked","5","C-DOCPRV C-DIALOG C-PHASE","30","F13","ACC-130","09-D5-Platform-Integrations.dc.html","owner_approved","G-13 حالة «مرحلة غير مفعّلة»","drawn","29-D22-Marketplace-Link-Complete.dc.html#LINK-03","3","5","30"
"LINK-04","روابط مستندات وتسوية فرق","LINK","التكامل المالي للسوق","٥،٧،١٥","مالك، مسؤول مشتريات","W/M/D","390 834 1366 1440 1920","M3","ready empty conflict permission_denied phase_locked","5","C-TABLE C-MONEY C-PHASE","30","F13","","09-D5-Platform-Integrations.dc.html","owner_approved","G-13 حالة «مرحلة غير مفعّلة»","drawn","29-D22-Marketplace-Link-Complete.dc.html#LINK-04","4","5","30"
"LINK-05","تحويل المرتجع لمستند عكسي","LINK","التكامل المالي للسوق","٥،٧،١٥","مالك، مسؤول مشتريات","W/M/D","390 834 1366 1440 1920","M3","ready partial validation_error success phase_locked","5","C-DOCPRV C-QTYUNIT C-PHASE","30","","","09-D5-Platform-Integrations.dc.html","owner_approved","G-13 حالة «مرحلة غير مفعّلة»","drawn","29-D22-Marketplace-Link-Complete.dc.html#LINK-05","4","5","30"
"GROW-01","اقتراح إعادة التوريد","GROW","تحسينات السوق اللاحقة","١٤،١٥،١٦","مالك، مسؤول مبيعات المورد","W/M/D","390 834 1366 1440 1920","M4","ready empty permission_denied phase_locked","4","C-TABLE C-BTN C-PHASE","24","","","10-D6-Marketplace-Orders-Completion.dc.html","owner_approved","G-13 حالة «مرحلة غير مفعّلة»","drawn","32-D24-Purchasing-Growth.dc.html#GROW-01","0","6","24"
"GROW-02","تحليلات المورد","GROW","تحسينات السوق اللاحقة","١٤،١٥،١٦","مالك، مسؤول مبيعات المورد","W/M/D","390 834 1366 1440 1920","M4","ready loading empty stale phase_locked","5","C-TABLE C-FILTER C-PHASE","30","","ACC-142","10-D6-Marketplace-Orders-Completion.dc.html","owner_approved","","drawn","32-D24-Purchasing-Growth.dc.html#GROW-02","0","7","30"
"GROW-03","طلب عرض ممول ومعاينته","GROW","تحسينات السوق اللاحقة","١٤،١٥،١٦","مالك، مسؤول مبيعات المورد","W/M/D","390 834 1366 1440 1920","M4","ready validation_error permission_denied phase_locked","4","C-DOCPRV C-AUD C-PHASE","24","","","10-D6-Marketplace-Orders-Completion.dc.html","owner_approved","G-04 تسعير العرض الممول","drawn","21-D16-Subscription-Customer-Public.dc.html#GROW-03","1","4","24"
"CUS-01","صفحة محل عبر رابط أو QR","CUS","بوابة زبون المحل","١١،١٤","زبون المحل","C","390 1440","أساسي","ready loading empty expired","4","C-FRAME C-TIMELIST C-NOTICE","8","F15","ACC-95","21-D16-Subscription-Customer-Public.dc.html","owner_approved","","drawn","21-D16-Subscription-Customer-Public.dc.html#CUS-01","1","4","8"
"CUS-02","اشتراك وإذن تنبيه","CUS","بوابة زبون المحل","١١،١٤","زبون المحل","C","390 1440","أساسي","ready validation_error permission_denied success","4","C-BTN C-NOTICE C-FIELD","8","F15","ACC-106","21-D16-Subscription-Customer-Public.dc.html","owner_approved","","drawn","08-D4-Marketplace-Orders.dc.html#CUS-02","2","4","8"
"CUS-03","قائمة رسائل المحل وتفاصيل","CUS","بوابة زبون المحل","١١،١٤","زبون المحل","C","390 1440","أساسي","ready loading empty expired permission_denied","5","C-TIMELIST C-STATUS C-NOTICE","10","F15","","21-D16-Subscription-Customer-Public.dc.html","owner_approved","","drawn","21-D16-Subscription-Customer-Public.dc.html#CUS-03","1","5","10"
"CUS-04","تفضيلات وإلغاء الاشتراك","CUS","بوابة زبون المحل","١١،١٤","زبون المحل","C","390 1440","أساسي","ready validation_error success","3","C-FIELD C-DIALOG C-STATUS","6","F15","ACC-105 ACC-112","21-D16-Subscription-Customer-Public.dc.html","owner_approved","","drawn","08-D4-Marketplace-Orders.dc.html#CUS-04","2","3","6"
"CUS-05","إذن مرفوض أو اشتراك منتهٍ","CUS","بوابة زبون المحل","١١،١٤","زبون المحل","C","390 1440","أساسي","ready permission_denied expired","3","C-NOTICE C-BTN C-STATUS","6","","ACC-107","21-D16-Subscription-Customer-Public.dc.html","owner_approved","","drawn","08-D4-Marketplace-Orders.dc.html#CUS-05","2","3","6"
"PLT-01","دخول الإدارة ومساحة المشغل","PLT","إدارة Sting","٩،١١،١٣،١٦،١٧","مشغّل الخدمة، مشرف السوق، ناشر إعلانات Sting","A","390 834 1440","أساسي","ready validation_error permission_denied","3","C-FRAME C-NAV C-FIELD","9","","","18-D13-Platform-Operator.dc.html","owner_approved","","drawn","26-D19-Platform-Operator-Complete.dc.html#PLT-01","3","3","9"
"PLT-02","قائمة المستأجرين وتفاصيل الاستحقاق","PLT","إدارة Sting","٩،١١،١٣،١٦،١٧","مشغّل الخدمة، مشرف السوق، ناشر إعلانات Sting","A","390 834 1440","أساسي","ready loading empty permission_denied","4","C-TABLE C-FILTER C-STATUS","12","","","18-D13-Platform-Operator.dc.html","owner_approved","","drawn","08-D4-Marketplace-Orders.dc.html#PLT-02","1","4","12"
"PLT-03","مراجعة دفع الاشتراك","PLT","إدارة Sting","٩،١١،١٣،١٦،١٧","مشغّل الخدمة، مشرف السوق، ناشر إعلانات Sting","A","390 834 1440","أساسي","ready validation_error conflict success","4","C-DOCPRV C-DIALOG C-STATUS","12","F17","","18-D13-Platform-Operator.dc.html","owner_approved","","drawn","18-D13-Platform-Operator.dc.html#PLT-03","2","4","12"
"PLT-04","إعلانات المنصة وصيانة","PLT","إدارة Sting","٩،١١،١٣،١٦،١٧","مشغّل الخدمة، مشرف السوق، ناشر إعلانات Sting","A","390 834 1440","أساسي","ready validation_error saving success","4","C-CAMP C-AUD C-DOCPRV","12","","ACC-104","18-D13-Platform-Operator.dc.html","owner_approved","","drawn","26-D19-Platform-Operator-Complete.dc.html#PLT-04","2","4","12"
"PLT-05","تشغيل الإرسال والإخفاقات","PLT","إدارة Sting","٩،١١،١٣،١٦،١٧","مشغّل الخدمة، مشرف السوق، ناشر إعلانات Sting","A","390 834 1440","أساسي","ready empty partial server_error","4","C-TABLE C-STATUS C-NOTICE","12","","ACC-103","18-D13-Platform-Operator.dc.html","owner_approved","","drawn","26-D19-Platform-Operator-Complete.dc.html#PLT-05","4","4","12"
"PLT-06","طلبات تحقق منشآت السوق","PLT","إدارة Sting","٩،١١،١٣،١٦،١٧","مشغّل الخدمة، مشرف السوق، ناشر إعلانات Sting","A","390 834 1440","أساسي","ready loading empty validation_error success","5","C-DOCPRV C-STATUS C-DIALOG","15","F16","","18-D13-Platform-Operator.dc.html","owner_approved","","drawn","18-D13-Platform-Operator.dc.html#PLT-06","1","5","15"
"PLT-07","مراجعة بلاغ وتعليق نشر واعتراض","PLT","إدارة Sting","٩،١١،١٣،١٦،١٧","مشغّل الخدمة، مشرف السوق، ناشر إعلانات Sting","A","390 834 1440","أساسي","ready validation_error permission_denied success","4","C-DOCPRV C-DIALOG C-TIMELIST","12","F16","ACC-135 ACC-139","18-D13-Platform-Operator.dc.html","owner_approved","","drawn","26-D19-Platform-Operator-Complete.dc.html#PLT-07","3","4","12"
"PLT-08","متابعة الخلافات","PLT","إدارة Sting","٩،١١،١٣،١٦،١٧","مشغّل الخدمة، مشرف السوق، ناشر إعلانات Sting","A","390 834 1440","أساسي","ready loading empty partial","4","C-TABLE C-TIMELIST C-STATUS","12","F16","ACC-148","18-D13-Platform-Operator.dc.html","owner_approved","","drawn","26-D19-Platform-Operator-Complete.dc.html#PLT-08","4","4","12"
"PLT-09","صحة المزامنة والخادم","PLT","إدارة Sting","٩،١١،١٣،١٦،١٧","مشغّل الخدمة، مشرف السوق، ناشر إعلانات Sting","A","390 834 1440","أساسي","ready loading stale server_error","4","C-TABLE C-SYNC C-STATUS","12","","","18-D13-Platform-Operator.dc.html","owner_approved","","drawn","18-D13-Platform-Operator.dc.html#PLT-09","3","4","12"
"PLT-10","نسخ خادمية وتجربة استعادة","PLT","إدارة Sting","٩،١١،١٣،١٦،١٧","مشغّل الخدمة، مشرف السوق، ناشر إعلانات Sting","A","390 834 1440","أساسي","ready loading server_error success","4","C-TABLE C-DIALOG C-NOTICE","12","","ACC-75","18-D13-Platform-Operator.dc.html","owner_approved","","drawn","26-D19-Platform-Operator-Complete.dc.html#PLT-10","3","4","12"
"PLT-11","لوحة اكتساب وقياس M0","PLT","إدارة Sting","٩،١١،١٣،١٦،١٧","مشغّل الخدمة، مشرف السوق، ناشر إعلانات Sting","A","390 834 1440","أساسي","ready loading empty stale","4","C-TABLE C-FILTER C-NOTICE","12","","ACC-142 ACC-146 ACC-147","18-D13-Platform-Operator.dc.html","owner_approved","","drawn","08-D4-Marketplace-Orders.dc.html#PLT-11","1","4","12"
"PLT-12","إدارة استحقاقات وإعدادات تشغيل","PLT","إدارة Sting","٩،١١،١٣،١٦،١٧","مشغّل الخدمة، مشرف السوق، ناشر إعلانات Sting","A","390 834 1440","أساسي","ready validation_error permission_denied success","4","C-TABLE C-FIELD C-DIALOG","12","","","18-D13-Platform-Operator.dc.html","owner_approved","","drawn","26-D19-Platform-Operator-Complete.dc.html#PLT-12","4","4","12"
"WEB-01","تثبيت PWA أو عدم دعم التثبيت","WEB","تكامل الويب","١٢،١٣","كل الأدوار التجارية","W","390 834 1440","أساسي","ready offline permission_denied success","4","C-NOTICE C-BTN C-DOCPRV","12","","ACC-76 ACC-93","09-D5-Platform-Integrations.dc.html","owner_approved","","drawn","09-D5-Platform-Integrations.dc.html#WEB-01","2","4","12"
"WEB-02","إذن Web Push وحالاته","WEB","تكامل الويب","١٢،١٣","كل الأدوار التجارية","W","390 834 1440","أساسي","ready permission_denied expired success","4","C-NOTICE C-BTN C-STATUS","12","","ACC-95 ACC-107","09-D5-Platform-Integrations.dc.html","owner_approved","","drawn","09-D5-Platform-Integrations.dc.html#WEB-02","1","4","12"
"WEB-03","ربط طابعة ويب وتجربة عربية","WEB","تكامل الويب","١٢،١٣","كل الأدوار التجارية","W","390 834 1440","أساسي","ready validation_error server_error success","4","C-PRINT C-NOTICE C-DOCPRV","12","","ACC-83","09-D5-Platform-Integrations.dc.html","owner_approved","G-10 العتاد والأنظمة المعتمدة","drawn","09-D5-Platform-Integrations.dc.html#WEB-03","1","4","12"
"NAT-01","أذونات كاميرا وباركود","NAT","تكامل الموبايل","١٢،١٣","كل الأدوار التجارية","M","390","أساسي","ready validation_error permission_denied success","4","C-SHEET C-NOTICE C-FIELD","4","","ACC-107","09-D5-Platform-Integrations.dc.html","owner_approved","","drawn","09-D5-Platform-Integrations.dc.html#NAT-01","1","4","4"
"NAT-02","طابعة وأذونات Bluetooth","NAT","تكامل الموبايل","١٢،١٣","كل الأدوار التجارية","M","390","أساسي","ready loading permission_denied server_error success","5","C-PRINT C-SHEET C-NOTICE","5","","","09-D5-Platform-Integrations.dc.html","owner_approved","G-10 العتاد والأنظمة المعتمدة","drawn","09-D5-Platform-Integrations.dc.html#NAT-02","1","5","5"
"NAT-03","Push وفتح رابط عميق","NAT","تكامل الموبايل","١٢،١٣","كل الأدوار التجارية","M","390","أساسي","ready expired permission_denied success","4","C-NOTICE C-STATUS C-DIALOG","4","","ACC-112 ACC-113","09-D5-Platform-Integrations.dc.html","owner_approved","","drawn","12-D7-Remaining-Screens.dc.html#NAT-03","1","4","4"
"NAT-04","تحديث وأسرار ونسخة احتياطية","NAT","تكامل الموبايل","١٢،١٣","كل الأدوار التجارية","M","390","أساسي","ready validation_error pending_sync server_error success","5","C-DIALOG C-SYNC C-NOTICE","5","","ACC-99 ACC-100","09-D5-Platform-Integrations.dc.html","owner_approved","","drawn","09-D5-Platform-Integrations.dc.html#NAT-04","1","5","5"
"DESK-01","إعداد أول تشغيل وتحديث","DESK","تكامل الديسكتوب","١٢،١٣","كل الأدوار التجارية","D","1366 1920","أساسي","ready loading validation_error server_error success","5","C-NOTICE C-DIALOG C-BTN","10","","ACC-100","12-D7-Remaining-Screens.dc.html","owner_approved","G-10 العتاد والأنظمة المعتمدة","drawn","09-D5-Platform-Integrations.dc.html#DESK-01","1","5","10"
"DESK-02","اختيار طابعة ومعاينة وطابور","DESK","تكامل الديسكتوب","١٢،١٣","كل الأدوار التجارية","D","1366 1920","أساسي","ready empty server_error success","4","C-PRINT C-DOCPRV C-TABLE","8","","ACC-83 ACC-84 ACC-101","12-D7-Remaining-Screens.dc.html","owner_approved","","drawn","09-D5-Platform-Integrations.dc.html#DESK-02","1","4","8"
"DESK-03","اختصارات وإدارة التركيز","DESK","تكامل الديسكتوب","١٢،١٣","كل الأدوار التجارية","D","1366 1920","أساسي","ready validation_error conflict","3","C-TABLE C-DIALOG C-NOTICE","6","","","12-D7-Remaining-Screens.dc.html","owner_approved","","drawn","09-D5-Platform-Integrations.dc.html#DESK-03","1","3","6"
"DESK-04","حوار حفظ واستعادة ملف","DESK","تكامل الديسكتوب","١٢،١٣","كل الأدوار التجارية","D","1366 1920","أساسي","ready validation_error server_error success","4","C-DIALOG C-UPLOAD C-NOTICE","8","","","12-D7-Remaining-Screens.dc.html","owner_approved","","drawn","12-D7-Remaining-Screens.dc.html#DESK-04","1","4","8"
"DESK-05","إشعارات وإغلاق التطبيق","DESK","تكامل الديسكتوب","١٢،١٣","كل الأدوار التجارية","D","1366 1920","أساسي","ready offline permission_denied","3","C-NOTICE C-STATUS C-DIALOG","6","","","12-D7-Remaining-Screens.dc.html","owner_approved","","drawn","09-D5-Platform-Integrations.dc.html#DESK-05","2","3","6"
"PUB-01","تعريف Sting والباقات ومدخل السوق","PUB","صفحات عامة وخدمة","١١،١٤،١٧","زائر","W","390 834 1440","أساسي","ready offline","2","C-FRAME C-BTN C-TABLE","6","F09","","21-D16-Subscription-Customer-Public.dc.html","owner_approved","","drawn","12-D7-Remaining-Screens.dc.html#PUB-01","1","2","6"
"PUB-02","الخصوصية وشروط السوق والمساعدة","PUB","صفحات عامة وخدمة","١١،١٤،١٧","زائر","W","390 834 1440","أساسي","ready loading phase_locked","3","C-FRAME C-DOCPRV","9","","ACC-91","21-D16-Subscription-Customer-Public.dc.html","owner_approved","G-11 المراجعة القانونية","drawn","21-D16-Subscription-Customer-Public.dc.html#PUB-02","1","3","9"
"PUB-03","حالة الخدمة والصيانة","PUB","صفحات عامة وخدمة","١١،١٤،١٧","زائر","W","390 834 1440","أساسي","ready stale server_error","3","C-STATUS C-TIMELIST C-NOTICE","9","","ACC-114","21-D16-Subscription-Customer-Public.dc.html","owner_approved","","drawn","09-D5-Platform-Integrations.dc.html#PUB-03","1","3","9"
"PUB-04","صفحة غير موجودة أو رابط منتهٍ","PUB","صفحات عامة وخدمة","١١،١٤،١٧","زائر","W","390 834 1440","أساسي","empty expired permission_denied","3","C-NOTICE C-BTN","9","","ACC-60 ACC-121","21-D16-Subscription-Customer-Public.dc.html","owner_approved","","drawn","09-D5-Platform-Integrations.dc.html#PUB-04","1","3","9"
